{"cameraMode":{"drawMode":0,"name":"Shaded","section":"Shading Mode"},"sceneLighting":false,"audioPlay":false,"sceneViewState":{"showFog":true,"showMaterialUpdate":false,"showSkybox":true,"showFlares":true,"showImageEffects":true,"showParticleSystems":true},"in2DMode":false,"pivot":{"x":-39.32603073120117,"y":-17.57135009765625,"z":65.66488647460938},"rotation":{"x":-0.12441129982471466,"y":0.7907507419586182,"z":-0.17128032445907594,"w":-0.5743691325187683},"size":43.9498176574707,"orthographic":false}